"","Response","Estimate","Est.Error","Q0.5","Q99.5","Q2.5","Q97.5","Q5","Q95","Q10","Q90"
"1","flow",-0.00193137043146625,0.000946003252264576,-0.0043052222986011,0.000489679137730171,-0.00376179659482016,-6.33303337274383e-05,-0.00343895410780159,-0.000362348808767964,-0.00314057569056861,-0.000721004479124484
"2","temp",0.043954203125065,0.00790377076512418,0.0239455382532967,0.0651678411023582,0.0285410226712593,0.0599412530250624,0.0311349777118894,0.0570267683684024,0.0340586464362105,0.0541952576321788
"3","pH",0.014976122087731,0.00207447626963676,0.00958341713291068,0.0203007462555698,0.0109292556274071,0.0189599212341518,0.0115677309406173,0.0183622111676934,0.0122891288577941,0.0176187745306987
"4","o2_dis",0.118568076525986,0.0115886485436402,0.088743284867205,0.149346440107868,0.0962044810775606,0.141573435118778,0.099563537738368,0.137819526983343,0.103826394810313,0.133309193813045
"5","NH4.N",-0.0125876802501027,0.00153955816186485,-0.0165353487483115,-0.00863372103520421,-0.0156518349453073,-0.0096290614815215,-0.0151598306618046,-0.0100648480258116,-0.0145851353622454,-0.0106238242287611
"6","PC_axis1",0.00648240761236329,0.00154124771868435,0.00249082889424889,0.0103817215638979,0.00347665747766456,0.00945766026042823,0.00393008191915768,0.00899097105555116,0.00449617717766723,0.00843575053376274
