"","Response","Estimate","Est.Error","Q0.5","Q99.5","Q2.5","Q97.5","Q5","Q95","Q10","Q90"
"1","flow",-0.00591593040343555,0.00132810813575727,-0.00932289025077532,-0.00258902227124626,-0.00850264328024143,-0.00340161788043322,-0.00813273967114637,-0.0037452613539677,-0.00763517789549267,-0.0042137038066012
"2","temp",0.0559665712095454,0.0071413560198821,0.0377576121553135,0.0747184389685352,0.0421735960445982,0.0699837560362919,0.0444624017299922,0.0679322272701775,0.0468839789254228,0.0653412401133664
"3","pH",0.0142428601990017,0.0019968709268639,0.0091737111278438,0.0192690807070939,0.0103246262676773,0.0181453736490799,0.0109415936424658,0.0175117372253224,0.0116663122445118,0.0168175414346861
"4","o2_dis",0.132741837269835,0.00977029177001981,0.108116259800699,0.15738753878228,0.113526239322454,0.151638577428773,0.116418102745149,0.148705611198528,0.120182831536085,0.145253868974384
"5","NH4.N",-0.0172233283823097,0.00178338112911598,-0.0217299598365086,-0.0129109118849414,-0.0207315400133576,-0.0137369247954813,-0.0201776142365558,-0.014270808893234,-0.0195486842762455,-0.014914533447175
"6","PC_axis1",0.00284675350402503,0.00100943054126755,0.000323374497375894,0.00554345667060686,0.000882369802513007,0.00484897113379318,0.00118439292012675,0.0045285752808625,0.00156098801643181,0.00413647329681772
