"","Response","Estimate","Est.Error","Q0.5","Q99.5","Q2.5","Q97.5","Q5","Q95","Q10","Q90"
"1","flow",-0.00285826335886794,0.00112713865614445,-0.00571525832244726,-1.08763741963586e-05,-0.00503869183065585,-0.000658510093503563,-0.0047000386350307,-0.00101778641090388,-0.00432278324827297,-0.00142086270794977
"2","temp",0.0433922804736358,0.0079257095733779,0.0228712673871488,0.0639343847405213,0.027487296946322,0.0588894318430686,0.0302208432738998,0.0562517818826255,0.0332456450705495,0.0534063416540755
"3","PC_axis1",0.00371121864694071,0.00288044748360702,-0.0037392457578035,0.0112022074098937,-0.00215244017744265,0.00923988296933537,-0.00117933127920532,0.00832640942959836,2.03057508576898e-05,0.00731453695685124
"4","PC_axis2",-0.0582650683210109,0.0108337169089636,-0.0868906233161422,-0.0299141801488668,-0.0796998207497311,-0.037177555193552,-0.0761437893881786,-0.0408401732010215,-0.072311044252459,-0.0445790536217166
